That was great!,ม.ค. ค.ศ. 2020 • คู่รัก,"That was great. My husband and I went to this salon every day. This is the most beautiful thing that we had in Pattaya. Professional massage therapists, kind and friendly. All our wishes have been fulfilled. In the salon there is always peace and relaxation, relaxing music, clean, sincere. Thank you for our wonderful health.",ARTmassageพทยาไทย,"https://maps.google.com/maps/api/staticmap?&channel=ta.desktop.attraction_review&zoom=13&size=416x722&scale=2&client=gme-tripadvisorinc&format=jpg&sensor=false&language=th_TH&center=12.969243,100.890167&maptype=roadmap&&markers=icon:http%3A%2F%2Fc1.tacdn.com%2F%2Fimg2%2Fmaps%2Ficons%2Ffusion_map%2Fv2%2Fattractions-standard.png|scale:2|12.971953,100.887581|12.950249,100.888557|12.973813,100.906319|12.948019,100.889732|12.958720,100.886070&&markers=icon:http%3A%2F%2Fc1.tacdn.com%2F%2Fimg2%2Fmaps%2Ficons%2Ffusion_map%2Fv2%2Fattractions-active-anchor.png|scale:2|12.969243,100.890167&&markers=icon:http%3A%2F%2Fc1.tacdn.com%2F%2Fimg2%2Fmaps%2Ficons%2Ffusion_map%2Fv2%2Frestaurants-standard.png|scale:2|12.969304,100.895462|12.963322,100.891533|12.968753,100.890617|12.967196,100.885567|12.963964,100.889427&map_id=c01884c8146ad115&signature=3cE-b-2MfOWMRUSz9gRda_2mvfk="
Супер круто,ก.พ. ค.ศ. 2020,"Делали массаж вдвоем с мужем Виктором в салоне у Ирины.Прекрасная атмосфера,професионализм коллектива ,массаж качественный, уже месяц прошел, все прекрасно .ничего не болит.все мышцы размяты,качественный массаж лица. морщинок реально стало меньше.Гибкие цены. выбор за вами. а еще и массаж на выбор в подарок.просто супер.Ирина всегда внимательна, всех помнит, если обстоятельства изменились,перенесут вам время как удобно.очень понравилось, а после массажа обалденно вкусный чай.Приходите в салон не пожалеете,рекомендую,",ARTmassageพทยาไทย,"https://maps.google.com/maps/api/staticmap?&channel=ta.desktop.attraction_review&zoom=13&size=416x722&scale=2&client=gme-tripadvisorinc&format=jpg&sensor=false&language=th_TH&center=12.969243,100.890167&maptype=roadmap&&markers=icon:http%3A%2F%2Fc1.tacdn.com%2F%2Fimg2%2Fmaps%2Ficons%2Ffusion_map%2Fv2%2Fattractions-standard.png|scale:2|12.971953,100.887581|12.950249,100.888557|12.973813,100.906319|12.948019,100.889732|12.958720,100.886070&&markers=icon:http%3A%2F%2Fc1.tacdn.com%2F%2Fimg2%2Fmaps%2Ficons%2Ffusion_map%2Fv2%2Fattractions-active-anchor.png|scale:2|12.969243,100.890167&&markers=icon:http%3A%2F%2Fc1.tacdn.com%2F%2Fimg2%2Fmaps%2Ficons%2Ffusion_map%2Fv2%2Frestaurants-standard.png|scale:2|12.969304,100.895462|12.963322,100.891533|12.968753,100.890617|12.967196,100.885567|12.963964,100.889427&map_id=c01884c8146ad115&signature=3cE-b-2MfOWMRUSz9gRda_2mvfk="
Настоящий лечебный массаж.,มี.ค. ค.ศ. 2020 • คู่รัก,"Хожу на массаж пока нахожусь на отдыхе в Паттае, тайский массаж попробовал впервые, мне понравилось. Тайские массажистки в течение часа без остановок промяли очень хорошо, рекомендую.",ARTmassageพทยาไทย,"https://maps.google.com/maps/api/staticmap?&channel=ta.desktop.attraction_review&zoom=13&size=416x722&scale=2&client=gme-tripadvisorinc&format=jpg&sensor=false&language=th_TH&center=12.969243,100.890167&maptype=roadmap&&markers=icon:http%3A%2F%2Fc1.tacdn.com%2F%2Fimg2%2Fmaps%2Ficons%2Ffusion_map%2Fv2%2Fattractions-standard.png|scale:2|12.971953,100.887581|12.950249,100.888557|12.973813,100.906319|12.948019,100.889732|12.958720,100.886070&&markers=icon:http%3A%2F%2Fc1.tacdn.com%2F%2Fimg2%2Fmaps%2Ficons%2Ffusion_map%2Fv2%2Fattractions-active-anchor.png|scale:2|12.969243,100.890167&&markers=icon:http%3A%2F%2Fc1.tacdn.com%2F%2Fimg2%2Fmaps%2Ficons%2Ffusion_map%2Fv2%2Frestaurants-standard.png|scale:2|12.969304,100.895462|12.963322,100.891533|12.968753,100.890617|12.967196,100.885567|12.963964,100.889427&map_id=c01884c8146ad115&signature=3cE-b-2MfOWMRUSz9gRda_2mvfk="
"Лучшее,что случилось с нами в Паттайе-массаж в Art brain!)",ก.พ. ค.ศ. 2020 • ครอบครัว,"Хочу сказать огромное спасибо Прекрасной Ирине,хозяйке салона,за лучшие часы,проведенные нами в Паттайе)нами-это мной и моей мамой и не было ни одного дня за две недели отдыха,когда нас не было бы в салоне)а все потому что туда хотелось даже не идти,а бежать)прекрасная атмосфера,профессиональные мастера,чистота и красота)ну и конечно,эффект-вот уж три недели прошло после отдыха,а я и моя спина до сих пор каждый день с благодарностью вспоминаем это место!",ARTmassageพทยาไทย,"https://maps.google.com/maps/api/staticmap?&channel=ta.desktop.attraction_review&zoom=13&size=416x722&scale=2&client=gme-tripadvisorinc&format=jpg&sensor=false&language=th_TH&center=12.969243,100.890167&maptype=roadmap&&markers=icon:http%3A%2F%2Fc1.tacdn.com%2F%2Fimg2%2Fmaps%2Ficons%2Ffusion_map%2Fv2%2Fattractions-standard.png|scale:2|12.971953,100.887581|12.950249,100.888557|12.973813,100.906319|12.948019,100.889732|12.958720,100.886070&&markers=icon:http%3A%2F%2Fc1.tacdn.com%2F%2Fimg2%2Fmaps%2Ficons%2Ffusion_map%2Fv2%2Fattractions-active-anchor.png|scale:2|12.969243,100.890167&&markers=icon:http%3A%2F%2Fc1.tacdn.com%2F%2Fimg2%2Fmaps%2Ficons%2Ffusion_map%2Fv2%2Frestaurants-standard.png|scale:2|12.969304,100.895462|12.963322,100.891533|12.968753,100.890617|12.967196,100.885567|12.963964,100.889427&map_id=c01884c8146ad115&signature=3cE-b-2MfOWMRUSz9gRda_2mvfk="
Отличается в лучшую сторону от других массажных салонов,ก.พ. ค.ศ. 2020 • คู่รัก,"Вдвоём посещали месяц через день. Массажистки не отбывают номер, а делают очень качественно, прорабатывая всё тело, реагируют на пожелания. Очень довольны",ARTmassageพทยาไทย,"https://maps.google.com/maps/api/staticmap?&channel=ta.desktop.attraction_review&zoom=13&size=416x722&scale=2&client=gme-tripadvisorinc&format=jpg&sensor=false&language=th_TH&center=12.969243,100.890167&maptype=roadmap&&markers=icon:http%3A%2F%2Fc1.tacdn.com%2F%2Fimg2%2Fmaps%2Ficons%2Ffusion_map%2Fv2%2Fattractions-standard.png|scale:2|12.971953,100.887581|12.950249,100.888557|12.973813,100.906319|12.948019,100.889732|12.958720,100.886070&&markers=icon:http%3A%2F%2Fc1.tacdn.com%2F%2Fimg2%2Fmaps%2Ficons%2Ffusion_map%2Fv2%2Fattractions-active-anchor.png|scale:2|12.969243,100.890167&&markers=icon:http%3A%2F%2Fc1.tacdn.com%2F%2Fimg2%2Fmaps%2Ficons%2Ffusion_map%2Fv2%2Frestaurants-standard.png|scale:2|12.969304,100.895462|12.963322,100.891533|12.968753,100.890617|12.967196,100.885567|12.963964,100.889427&map_id=c01884c8146ad115&signature=3cE-b-2MfOWMRUSz9gRda_2mvfk="
Чудно,ม.ค. ค.ศ. 2020 • เดินทางคนเดียว,"Отличный массаж! Квалифицированные массажистки, двое учились в школе массажа в Бангкоке, то есть могут сделать настоящий тайский массаж",ARTmassageพทยาไทย,"https://maps.google.com/maps/api/staticmap?&channel=ta.desktop.attraction_review&zoom=13&size=416x722&scale=2&client=gme-tripadvisorinc&format=jpg&sensor=false&language=th_TH&center=12.969243,100.890167&maptype=roadmap&&markers=icon:http%3A%2F%2Fc1.tacdn.com%2F%2Fimg2%2Fmaps%2Ficons%2Ffusion_map%2Fv2%2Fattractions-standard.png|scale:2|12.971953,100.887581|12.950249,100.888557|12.973813,100.906319|12.948019,100.889732|12.958720,100.886070&&markers=icon:http%3A%2F%2Fc1.tacdn.com%2F%2Fimg2%2Fmaps%2Ficons%2Ffusion_map%2Fv2%2Fattractions-active-anchor.png|scale:2|12.969243,100.890167&&markers=icon:http%3A%2F%2Fc1.tacdn.com%2F%2Fimg2%2Fmaps%2Ficons%2Ffusion_map%2Fv2%2Frestaurants-standard.png|scale:2|12.969304,100.895462|12.963322,100.891533|12.968753,100.890617|12.967196,100.885567|12.963964,100.889427&map_id=c01884c8146ad115&signature=3cE-b-2MfOWMRUSz9gRda_2mvfk="
Замечательно,ธ.ค. ค.ศ. 2019 • เดินทางคนเดียว,"Делали массаж в отпуске каждый день.
Дома вспоминаем его почти каждый день)
Уютно, чисто, мастера очень доброжелательны, проффесиональны.
Понравилось все!!!",ARTmassageพทยาไทย,"https://maps.google.com/maps/api/staticmap?&channel=ta.desktop.attraction_review&zoom=13&size=416x722&scale=2&client=gme-tripadvisorinc&format=jpg&sensor=false&language=th_TH&center=12.969243,100.890167&maptype=roadmap&&markers=icon:http%3A%2F%2Fc1.tacdn.com%2F%2Fimg2%2Fmaps%2Ficons%2Ffusion_map%2Fv2%2Fattractions-standard.png|scale:2|12.971953,100.887581|12.950249,100.888557|12.973813,100.906319|12.948019,100.889732|12.958720,100.886070&&markers=icon:http%3A%2F%2Fc1.tacdn.com%2F%2Fimg2%2Fmaps%2Ficons%2Ffusion_map%2Fv2%2Fattractions-active-anchor.png|scale:2|12.969243,100.890167&&markers=icon:http%3A%2F%2Fc1.tacdn.com%2F%2Fimg2%2Fmaps%2Ficons%2Ffusion_map%2Fv2%2Frestaurants-standard.png|scale:2|12.969304,100.895462|12.963322,100.891533|12.968753,100.890617|12.967196,100.885567|12.963964,100.889427&map_id=c01884c8146ad115&signature=3cE-b-2MfOWMRUSz9gRda_2mvfk="
Отзыв,ก.พ. ค.ศ. 2020 • คู่รัก,"Уже три года мы с мужем ходим на массаж только в этот салон. Сама атмосфера и гигиена в салоне очень отличается от рядом находящихся. Продуманная система сертификатов и скидок привлекательна. Радует также предварительная запись, это экономит время. Но конечно, самое главное, это качество массажа , оно отличное. Надеюсь вернуться на следующий год и опять попасть в этот салон. Валентина.",ARTmassageพทยาไทย,"https://maps.google.com/maps/api/staticmap?&channel=ta.desktop.attraction_review&zoom=13&size=416x722&scale=2&client=gme-tripadvisorinc&format=jpg&sensor=false&language=th_TH&center=12.969243,100.890167&maptype=roadmap&&markers=icon:http%3A%2F%2Fc1.tacdn.com%2F%2Fimg2%2Fmaps%2Ficons%2Ffusion_map%2Fv2%2Fattractions-standard.png|scale:2|12.971953,100.887581|12.950249,100.888557|12.973813,100.906319|12.948019,100.889732|12.958720,100.886070&&markers=icon:http%3A%2F%2Fc1.tacdn.com%2F%2Fimg2%2Fmaps%2Ficons%2Ffusion_map%2Fv2%2Fattractions-active-anchor.png|scale:2|12.969243,100.890167&&markers=icon:http%3A%2F%2Fc1.tacdn.com%2F%2Fimg2%2Fmaps%2Ficons%2Ffusion_map%2Fv2%2Frestaurants-standard.png|scale:2|12.969304,100.895462|12.963322,100.891533|12.968753,100.890617|12.967196,100.885567|12.963964,100.889427&map_id=c01884c8146ad115&signature=3cE-b-2MfOWMRUSz9gRda_2mvfk="
Сахалин,พ.ย. ค.ศ. 2019 • ครอบครัว,"Салон массажа нам очень понравился! Мастерство и внимательность персонала салона заслуживает высокой оценки! Мадам Светлана внимательный, граммотный профессионал своего дела!Обстановка уютная, тёплая, эстетическая. Аромат благовоний и масел погружает Вас в незабываемое путешествие по Востоку! И несомненно Ваше тело получает не только удовольствие, но и оздоровление! Ваше состояние души- после посещение в релаксации длительное время! Хочется ещё и ещё раз вернутся и получить тепло, душевный покой и легкость оздоравливающего тела! Даже наши дети засыпали сладко и долго не хотели уходить! Райское угощение Тайланда фрукты и чай предложенный в салоне особенны вкусом и послевкусием! А главное Вы можете на время забыть о проблемах и погрузиться в свой мир удовольствий и легкого забытия! Обязательно зайдите в маленький райский уголок этого салона! Вы точно не пожалеете! Доверьтесь мастерам своего дела ведь секреты Тайского массажа знают только специально обученные мастера техника которого передаётся из поколения в поколение. Если вы хотите измениться, помолодеть, похудеть тогда Вам именно туда! Индивидульно к каждому найдут подход! Вам не нужно выбирать! Вам помогут и посоветуют! И поверьте кроме восторга и восхищения Вы ничего не испытаете! Спасибо Вам за ощущение переданой нам через Ваши руки и душу!Успехов!Надеюсь посетив Вас ещё
С уважением вся наша семья Натали, Сергей, Мирослав,Элеонора.",ARTmassageพทยาไทย,"https://maps.google.com/maps/api/staticmap?&channel=ta.desktop.attraction_review&zoom=13&size=416x722&scale=2&client=gme-tripadvisorinc&format=jpg&sensor=false&language=th_TH&center=12.969243,100.890167&maptype=roadmap&&markers=icon:http%3A%2F%2Fc1.tacdn.com%2F%2Fimg2%2Fmaps%2Ficons%2Ffusion_map%2Fv2%2Fattractions-standard.png|scale:2|12.971953,100.887581|12.950249,100.888557|12.973813,100.906319|12.948019,100.889732|12.958720,100.886070&&markers=icon:http%3A%2F%2Fc1.tacdn.com%2F%2Fimg2%2Fmaps%2Ficons%2Ffusion_map%2Fv2%2Fattractions-active-anchor.png|scale:2|12.969243,100.890167&&markers=icon:http%3A%2F%2Fc1.tacdn.com%2F%2Fimg2%2Fmaps%2Ficons%2Ffusion_map%2Fv2%2Frestaurants-standard.png|scale:2|12.969304,100.895462|12.963322,100.891533|12.968753,100.890617|12.967196,100.885567|12.963964,100.889427&map_id=c01884c8146ad115&signature=3cE-b-2MfOWMRUSz9gRda_2mvfk="
Спасибо за здоровье,ก.พ. ค.ศ. 2020 • คู่รัก,"Для меня массаж - это не просто профессиональная проработка проблемных зон тела. Это необыкновенное, чудесное наслаждение!...)Испытала потрясающие ощущения, когда тело буквально растворяется в руках...массажиста.А тепло растекается волной по всему телу, наполняя каждую клеточку... И было ощущение целостности, и в то же время отсутствия какой-то формы. Большое спасибо за те чудесные ощущения, которые я испытывала во время массажа, волшебные руки и большой талант!",ARTmassageพทยาไทย,"https://maps.google.com/maps/api/staticmap?&channel=ta.desktop.attraction_review&zoom=13&size=416x722&scale=2&client=gme-tripadvisorinc&format=jpg&sensor=false&language=th_TH&center=12.969243,100.890167&maptype=roadmap&&markers=icon:http%3A%2F%2Fc1.tacdn.com%2F%2Fimg2%2Fmaps%2Ficons%2Ffusion_map%2Fv2%2Fattractions-standard.png|scale:2|12.971953,100.887581|12.950249,100.888557|12.973813,100.906319|12.948019,100.889732|12.958720,100.886070&&markers=icon:http%3A%2F%2Fc1.tacdn.com%2F%2Fimg2%2Fmaps%2Ficons%2Ffusion_map%2Fv2%2Fattractions-active-anchor.png|scale:2|12.969243,100.890167&&markers=icon:http%3A%2F%2Fc1.tacdn.com%2F%2Fimg2%2Fmaps%2Ficons%2Ffusion_map%2Fv2%2Frestaurants-standard.png|scale:2|12.969304,100.895462|12.963322,100.891533|12.968753,100.890617|12.967196,100.885567|12.963964,100.889427&map_id=c01884c8146ad115&signature=3cE-b-2MfOWMRUSz9gRda_2mvfk="
