สุดยอดซาวน่าแห่งพัทยา,ต.ค. ค.ศ. 2020,"ขออนุญาตรีวิวเนื่องจากไปใช้บริการแล้วประทับใจมาก ให้เต็ม
313 ซาวน่าเป็นร้านบริการตามชื่อเลยค่ะ มีซาวน่า สตีม สระว่ายน้ำ บ่อแช่น้ำร้อนและน้ำเย็น แล้วก็มีฟิตเนสกับนวดด้วย ออกกำลังกยาแล้วหิวก็เติมพลังกินข้าวที่นี่ได้เลย ครบ จบที่เดียว มีห้องจัดสัมมนาพร้อมคาราโอเกะด้วยนะ

บรรยากาศดี สงบมาก เหมือนนั่งอยู่บ้านชิลๆเลย

ที่สำคัญคือคนไม่แออัดจ้ะ นั่งวนไปเลย 150 บาท คุ้มราคามาก ใครไม่เคยซาวน่ามาลองได้นะ",313TrainingStudioพทยาไทย,"https://maps.google.com/maps/api/staticmap?&channel=ta.desktop.attraction_review&zoom=12&size=416x722&scale=2&client=gme-tripadvisorinc&format=jpg&sensor=false&language=th_TH&center=12.935170,100.931686&maptype=roadmap&&markers=icon:http%3A%2F%2Fc1.tacdn.com%2F%2Fimg2%2Fmaps%2Ficons%2Ffusion_map%2Fv2%2Fattractions-standard.png|scale:2|12.939770,100.938004|12.873680,100.943329|12.950742,100.937111|12.950249,100.888557|12.948019,100.889732&&markers=icon:http%3A%2F%2Fc1.tacdn.com%2F%2Fimg2%2Fmaps%2Ficons%2Ffusion_map%2Fv2%2Fattractions-active-anchor.png|scale:2|12.935170,100.931686&&markers=icon:http%3A%2F%2Fc1.tacdn.com%2F%2Fimg2%2Fmaps%2Ficons%2Ffusion_map%2Fv2%2Frestaurants-standard.png|scale:2|12.936882,100.928726|12.930976,100.930710|12.933661,100.936981|12.929604,100.935799|12.939880,100.927361&map_id=c01884c8146ad115&signature=sNBpAZ1pA_CNA3tm49EzNb7KDp4="
313ซาวน่า เป็นซาวน่าที่ครบ จบ แนะนำเลยใครมาพัทยา,ต.ค. ค.ศ. 2020,"ไปซาวน่าที่นี่คือดีมาก เค้ามีทุกอย่างครบ ทั้งซาวน่า สตีม ฟิตเนส สระว่ายน้ำ เด็กๆชอบมาก
แถมไปช่วงมีโปรนวด ขัดตัว สบายตัวมากก อาหารอรอย

โดยรวมคือดี สถานที่สะอาด สงบ แนะนำค่ะ",313TrainingStudioพทยาไทย,"https://maps.google.com/maps/api/staticmap?&channel=ta.desktop.attraction_review&zoom=12&size=416x722&scale=2&client=gme-tripadvisorinc&format=jpg&sensor=false&language=th_TH&center=12.935170,100.931686&maptype=roadmap&&markers=icon:http%3A%2F%2Fc1.tacdn.com%2F%2Fimg2%2Fmaps%2Ficons%2Ffusion_map%2Fv2%2Fattractions-standard.png|scale:2|12.939770,100.938004|12.873680,100.943329|12.950742,100.937111|12.950249,100.888557|12.948019,100.889732&&markers=icon:http%3A%2F%2Fc1.tacdn.com%2F%2Fimg2%2Fmaps%2Ficons%2Ffusion_map%2Fv2%2Fattractions-active-anchor.png|scale:2|12.935170,100.931686&&markers=icon:http%3A%2F%2Fc1.tacdn.com%2F%2Fimg2%2Fmaps%2Ficons%2Ffusion_map%2Fv2%2Frestaurants-standard.png|scale:2|12.936882,100.928726|12.930976,100.930710|12.933661,100.936981|12.929604,100.935799|12.939880,100.927361&map_id=c01884c8146ad115&signature=sNBpAZ1pA_CNA3tm49EzNb7KDp4="
ที่นี่สะอาดตา facilities ดี มีครบ มีโปร 100 บาทบ่อยๆ,เม.ย. ค.ศ. 2018 • ครอบครัว,เซาน่า สตีม สปา ฟิตเนส โยคะ ต้องไปสัมผัสเอง ราคาไม่แพงเลย แต่ถ้าเทียบกับความดูดีมากๆ ของสถานที่ถือว่าราคาถูกมากๆ,313TrainingStudioพทยาไทย,"https://maps.google.com/maps/api/staticmap?&channel=ta.desktop.attraction_review&zoom=12&size=416x722&scale=2&client=gme-tripadvisorinc&format=jpg&sensor=false&language=th_TH&center=12.935170,100.931686&maptype=roadmap&&markers=icon:http%3A%2F%2Fc1.tacdn.com%2F%2Fimg2%2Fmaps%2Ficons%2Ffusion_map%2Fv2%2Fattractions-standard.png|scale:2|12.939770,100.938004|12.873680,100.943329|12.950742,100.937111|12.950249,100.888557|12.948019,100.889732&&markers=icon:http%3A%2F%2Fc1.tacdn.com%2F%2Fimg2%2Fmaps%2Ficons%2Ffusion_map%2Fv2%2Fattractions-active-anchor.png|scale:2|12.935170,100.931686&&markers=icon:http%3A%2F%2Fc1.tacdn.com%2F%2Fimg2%2Fmaps%2Ficons%2Ffusion_map%2Fv2%2Frestaurants-standard.png|scale:2|12.936882,100.928726|12.930976,100.930710|12.933661,100.936981|12.929604,100.935799|12.939880,100.927361&map_id=c01884c8146ad115&signature=sNBpAZ1pA_CNA3tm49EzNb7KDp4="
313 อบรมสตูดิโอมีทุกอย่างในสถานที่หนึ่ง,มิ.ย. ค.ศ. 2017 • ครอบครัว,มีห้องซาวน่า อบไอน้ำ บริการนวด สระว่ายน้ำร้อน และเย็น ห้องฟิตเนส ศิลปะการต่อสู้มวยไทย และฝึกอบรมในสถานที่หนึ่ง สิ่งอำนวยความสะดวกที่ดีเยี่ยมและการบริการลูกค้าที่ดี,313TrainingStudioพทยาไทย,"https://maps.google.com/maps/api/staticmap?&channel=ta.desktop.attraction_review&zoom=12&size=416x722&scale=2&client=gme-tripadvisorinc&format=jpg&sensor=false&language=th_TH&center=12.935170,100.931686&maptype=roadmap&&markers=icon:http%3A%2F%2Fc1.tacdn.com%2F%2Fimg2%2Fmaps%2Ficons%2Ffusion_map%2Fv2%2Fattractions-standard.png|scale:2|12.939770,100.938004|12.873680,100.943329|12.950742,100.937111|12.950249,100.888557|12.948019,100.889732&&markers=icon:http%3A%2F%2Fc1.tacdn.com%2F%2Fimg2%2Fmaps%2Ficons%2Ffusion_map%2Fv2%2Fattractions-active-anchor.png|scale:2|12.935170,100.931686&&markers=icon:http%3A%2F%2Fc1.tacdn.com%2F%2Fimg2%2Fmaps%2Ficons%2Ffusion_map%2Fv2%2Frestaurants-standard.png|scale:2|12.936882,100.928726|12.930976,100.930710|12.933661,100.936981|12.929604,100.935799|12.939880,100.927361&map_id=c01884c8146ad115&signature=sNBpAZ1pA_CNA3tm49EzNb7KDp4="
สุดยอดซาวน่าแห่งพัทยา,ต.ค. ค.ศ. 2020,"ขออนุญาตรีวิวเนื่องจากไปใช้บริการแล้วประทับใจมาก ให้เต็ม
313 ซาวน่าเป็นร้านบริการตามชื่อเลยค่ะ มีซาวน่า สตีม สระว่ายน้ำ บ่อแช่น้ำร้อนและน้ำเย็น แล้วก็มีฟิตเนสกับนวดด้วย ออกกำลังกยาแล้วหิวก็เติมพลังกินข้าวที่นี่ได้เลย ครบ จบที่เดียว มีห้องจัดสัมมนาพร้อมคาราโอเกะด้วยนะ

บรรยากาศดี สงบมาก เหมือนนั่งอยู่บ้านชิลๆเลย

ที่สำคัญคือคนไม่แออัดจ้ะ นั่งวนไปเลย 150 บาท คุ้มราคามาก ใครไม่เคยซาวน่ามาลองได้นะ",313TrainingStudioพทยาไทย,"https://maps.google.com/maps/api/staticmap?&channel=ta.desktop.attraction_review&zoom=12&size=416x722&scale=2&client=gme-tripadvisorinc&format=jpg&sensor=false&language=th_TH&center=12.935170,100.931686&maptype=roadmap&&markers=icon:http%3A%2F%2Fc1.tacdn.com%2F%2Fimg2%2Fmaps%2Ficons%2Ffusion_map%2Fv2%2Fattractions-standard.png|scale:2|12.939770,100.938004|12.873680,100.943329|12.950742,100.937111|12.950249,100.888557|12.948019,100.889732&&markers=icon:http%3A%2F%2Fc1.tacdn.com%2F%2Fimg2%2Fmaps%2Ficons%2Ffusion_map%2Fv2%2Fattractions-active-anchor.png|scale:2|12.935170,100.931686&&markers=icon:http%3A%2F%2Fc1.tacdn.com%2F%2Fimg2%2Fmaps%2Ficons%2Ffusion_map%2Fv2%2Frestaurants-standard.png|scale:2|12.936882,100.928726|12.930976,100.930710|12.933661,100.936981|12.929604,100.935799|12.939880,100.927361&map_id=c01884c8146ad115&signature=sNBpAZ1pA_CNA3tm49EzNb7KDp4="
313ซาวน่า เป็นซาวน่าที่ครบ จบ แนะนำเลยใครมาพัทยา,ต.ค. ค.ศ. 2020,"ไปซาวน่าที่นี่คือดีมาก เค้ามีทุกอย่างครบ ทั้งซาวน่า สตีม ฟิตเนส สระว่ายน้ำ เด็กๆชอบมาก
แถมไปช่วงมีโปรนวด ขัดตัว สบายตัวมากก อาหารอรอย

โดยรวมคือดี สถานที่สะอาด สงบ แนะนำค่ะ",313TrainingStudioพทยาไทย,"https://maps.google.com/maps/api/staticmap?&channel=ta.desktop.attraction_review&zoom=12&size=416x722&scale=2&client=gme-tripadvisorinc&format=jpg&sensor=false&language=th_TH&center=12.935170,100.931686&maptype=roadmap&&markers=icon:http%3A%2F%2Fc1.tacdn.com%2F%2Fimg2%2Fmaps%2Ficons%2Ffusion_map%2Fv2%2Fattractions-standard.png|scale:2|12.939770,100.938004|12.873680,100.943329|12.950742,100.937111|12.950249,100.888557|12.948019,100.889732&&markers=icon:http%3A%2F%2Fc1.tacdn.com%2F%2Fimg2%2Fmaps%2Ficons%2Ffusion_map%2Fv2%2Fattractions-active-anchor.png|scale:2|12.935170,100.931686&&markers=icon:http%3A%2F%2Fc1.tacdn.com%2F%2Fimg2%2Fmaps%2Ficons%2Ffusion_map%2Fv2%2Frestaurants-standard.png|scale:2|12.936882,100.928726|12.930976,100.930710|12.933661,100.936981|12.929604,100.935799|12.939880,100.927361&map_id=c01884c8146ad115&signature=sNBpAZ1pA_CNA3tm49EzNb7KDp4="
ที่นี่สะอาดตา facilities ดี มีครบ มีโปร 100 บาทบ่อยๆ,เม.ย. ค.ศ. 2018 • ครอบครัว,เซาน่า สตีม สปา ฟิตเนส โยคะ ต้องไปสัมผัสเอง ราคาไม่แพงเลย แต่ถ้าเทียบกับความดูดีมากๆ ของสถานที่ถือว่าราคาถูกมากๆ,313TrainingStudioพทยาไทย,"https://maps.google.com/maps/api/staticmap?&channel=ta.desktop.attraction_review&zoom=12&size=416x722&scale=2&client=gme-tripadvisorinc&format=jpg&sensor=false&language=th_TH&center=12.935170,100.931686&maptype=roadmap&&markers=icon:http%3A%2F%2Fc1.tacdn.com%2F%2Fimg2%2Fmaps%2Ficons%2Ffusion_map%2Fv2%2Fattractions-standard.png|scale:2|12.939770,100.938004|12.873680,100.943329|12.950742,100.937111|12.950249,100.888557|12.948019,100.889732&&markers=icon:http%3A%2F%2Fc1.tacdn.com%2F%2Fimg2%2Fmaps%2Ficons%2Ffusion_map%2Fv2%2Fattractions-active-anchor.png|scale:2|12.935170,100.931686&&markers=icon:http%3A%2F%2Fc1.tacdn.com%2F%2Fimg2%2Fmaps%2Ficons%2Ffusion_map%2Fv2%2Frestaurants-standard.png|scale:2|12.936882,100.928726|12.930976,100.930710|12.933661,100.936981|12.929604,100.935799|12.939880,100.927361&map_id=c01884c8146ad115&signature=sNBpAZ1pA_CNA3tm49EzNb7KDp4="
313 อบรมสตูดิโอมีทุกอย่างในสถานที่หนึ่ง,มิ.ย. ค.ศ. 2017 • ครอบครัว,มีห้องซาวน่า อบไอน้ำ บริการนวด สระว่ายน้ำร้อน และเย็น ห้องฟิตเนส ศิลปะการต่อสู้มวยไทย และฝึกอบรมในสถานที่หนึ่ง สิ่งอำนวยความสะดวกที่ดีเยี่ยมและการบริการลูกค้าที่ดี,313TrainingStudioพทยาไทย,"https://maps.google.com/maps/api/staticmap?&channel=ta.desktop.attraction_review&zoom=12&size=416x722&scale=2&client=gme-tripadvisorinc&format=jpg&sensor=false&language=th_TH&center=12.935170,100.931686&maptype=roadmap&&markers=icon:http%3A%2F%2Fc1.tacdn.com%2F%2Fimg2%2Fmaps%2Ficons%2Ffusion_map%2Fv2%2Fattractions-standard.png|scale:2|12.939770,100.938004|12.873680,100.943329|12.950742,100.937111|12.950249,100.888557|12.948019,100.889732&&markers=icon:http%3A%2F%2Fc1.tacdn.com%2F%2Fimg2%2Fmaps%2Ficons%2Ffusion_map%2Fv2%2Fattractions-active-anchor.png|scale:2|12.935170,100.931686&&markers=icon:http%3A%2F%2Fc1.tacdn.com%2F%2Fimg2%2Fmaps%2Ficons%2Ffusion_map%2Fv2%2Frestaurants-standard.png|scale:2|12.936882,100.928726|12.930976,100.930710|12.933661,100.936981|12.929604,100.935799|12.939880,100.927361&map_id=c01884c8146ad115&signature=sNBpAZ1pA_CNA3tm49EzNb7KDp4="
