,0
0,th.tripadvisor.com/Restaurant_Review-g293919-d12895399-Reviews-Fat_Belly_Pattaya-Pattaya_Chonburi_Province.html-or{}
1,th.tripadvisor.com/Restaurant_Review-g293919-d19850273-Reviews-The_Chill_Garden_Pattaya-Pattaya_Chonburi_Province.html-or{}
2,th.tripadvisor.com/Restaurant_Review-g293919-d23399122-Reviews-Hotdogcondos-Pattaya_Chonburi_Province.html-or{}
3,th.tripadvisor.com/Restaurant_Review-g293919-d10643316-Reviews-Area_40_by_Sweet_Escape-Pattaya_Chonburi_Province.html-or{}
4,th.tripadvisor.com/Restaurant_Review-g293919-d6477147-Reviews-Supnay_Northern_Lanna_Cuisine-Pattaya_Chonburi_Province.html-or{}
5,th.tripadvisor.com/Restaurant_Review-g293919-d14166393-Reviews-Numchoke_Shark_S_Fin-Pattaya_Chonburi_Province.html-or{}
6,th.tripadvisor.com/Restaurant_Review-g293919-d12283373-Reviews-Longhorn_Steakhouse_Grill-Pattaya_Chonburi_Province.html-or{}
7,th.tripadvisor.com/Restaurant_Review-g293919-d15143212-Reviews-Tulsi_Gujarati_Restaurant-Pattaya_Chonburi_Province.html-or{}
8,th.tripadvisor.com/Restaurant_Review-g293919-d15065957-Reviews-Costco_Bistro-Pattaya_Chonburi_Province.html-or{}
9,th.tripadvisor.com/Restaurant_Review-g293919-d6527709-Reviews-Satearn_Co_Ltd-Pattaya_Chonburi_Province.html-or{}
10,th.tripadvisor.com/Restaurant_Review-g293919-d13985441-Reviews-Melco_Sweets_Cafe-Pattaya_Chonburi_Province.html-or{}
11,th.tripadvisor.com/Restaurant_Review-g293919-d17816973-Reviews-PTN_Cafe-Pattaya_Chonburi_Province.html-or{}
12,th.tripadvisor.com/Restaurant_Review-g293919-d17816959-Reviews-MaeYai-Pattaya_Chonburi_Province.html-or{}
13,th.tripadvisor.com/Restaurant_Review-g293919-d23628891-Reviews-Cowboy_House-Pattaya_Chonburi_Province.html-or{}
14,th.tripadvisor.com/Restaurant_Review-g293919-d19797036-Reviews-Khao_Suay_Restaurant-Pattaya_Chonburi_Province.html-or{}
15,th.tripadvisor.com/Restaurant_Review-g293919-d19797033-Reviews-Happy_Together-Pattaya_Chonburi_Province.html-or{}
16,th.tripadvisor.com/Restaurant_Review-g293919-d19924501-Reviews-The_Tree_Cafe_Restaurant-Pattaya_Chonburi_Province.html-or{}
17,th.tripadvisor.com/Restaurant_Review-g293919-d4365529-Reviews-Northern_Paradise-Pattaya_Chonburi_Province.html-or{}
18,th.tripadvisor.com/Restaurant_Review-g293919-d16812389-Reviews-Maurizio_Di_italiano_Restaurant-Pattaya_Chonburi_Province.html-or{}
19,th.tripadvisor.com/Restaurant_Review-g293919-d20001186-Reviews-Umai_Ramen-Pattaya_Chonburi_Province.html-or{}
20,th.tripadvisor.com/Restaurant_Review-g293919-d19692512-Reviews-Zabb_Isan-Pattaya_Chonburi_Province.html-or{}
21,th.tripadvisor.com/Restaurant_Review-g293919-d18920662-Reviews-Pangpond_Cafe_2-Pattaya_Chonburi_Province.html-or{}
22,th.tripadvisor.com/Restaurant_Review-g293919-d18920553-Reviews-Zaab_Noir_Runway-Pattaya_Chonburi_Province.html-or{}
23,th.tripadvisor.com/Restaurant_Review-g293919-d21337819-Reviews-Meen-Pattaya_Chonburi_Province.html-or{}
24,th.tripadvisor.com/Restaurant_Review-g293919-d13545433-Reviews-Spicy_s-Pattaya_Chonburi_Province.html-or{}
25,th.tripadvisor.com/Restaurant_Review-g293919-d18122791-Reviews-Kangsom_Kitchen-Pattaya_Chonburi_Province.html-or{}
26,th.tripadvisor.com/Restaurant_Review-g293919-d3745327-Reviews-Coffee_World-Pattaya_Chonburi_Province.html-or{}
27,th.tripadvisor.com/Restaurant_Review-g293919-d18919669-Reviews-Chok_Ocha-Pattaya_Chonburi_Province.html-or{}
28,th.tripadvisor.com/Restaurant_Review-g293919-d24062849-Reviews-The_Warm_Up_Bar-Pattaya_Chonburi_Province.html-or{}
29,th.tripadvisor.com/Restaurant_Review-g293919-d7346711-Reviews-Baan_Klomklom_Sea_View_Koh_Larn-Pattaya_Chonburi_Province.html-or{}
30,th.tripadvisor.com/Restaurant_Review-g293919-d10535582-Reviews-Maritime_Restaurant-Pattaya_Chonburi_Province.html-or{}
31,th.tripadvisor.com/Restaurant_Review-g293919-d21053817-Reviews-Twilight_Restaurant-Pattaya_Chonburi_Province.html-or{}
